room_no,room_type,description
1,Single Queen,Unwind after a long day of beach-going with our queen room -- all to yourself.
2,Single Queen,Unwind after a long day of beach-going with our queen room -- all to yourself.
3,Single Queen,Unwind after a long day of beach-going with our queen room -- all to yourself.
4,Single Queen,Unwind after a long day of beach-going with our queen room -- all to yourself.
5,Single Queen,Unwind after a long day of beach-going with our queen room -- all to yourself.
6,Single Queen,Unwind after a long day of beach-going with our queen room -- all to yourself.
7,Single Queen,Unwind after a long day of beach-going with our queen room -- all to yourself.
8,Single Queen,Unwind after a long day of beach-going with our queen room -- all to yourself.
9,Single Queen,Unwind after a long day of beach-going with our queen room -- all to yourself.
10,Single Queen,Unwind after a long day of beach-going with our queen room -- all to yourself.
11,Single Queen,Unwind after a long day of beach-going with our queen room -- all to yourself.
12,Single Queen,Unwind after a long day of beach-going with our queen room -- all to yourself.
13,Single Queen,Unwind after a long day of beach-going with our queen room -- all to yourself.
14,Single Queen,Unwind after a long day of beach-going with our queen room -- all to yourself.
15,Single Queen,Unwind after a long day of beach-going with our queen room -- all to yourself.
16,Single Queen,Unwind after a long day of beach-going with our queen room -- all to yourself.
17,Single Queen,Unwind after a long day of beach-going with our queen room -- all to yourself.
18,Single Queen,Unwind after a long day of beach-going with our queen room -- all to yourself.
19,Single Queen,Unwind after a long day of beach-going with our queen room -- all to yourself.
20,Single Queen,Unwind after a long day of beach-going with our queen room -- all to yourself.
21,Single Queen,Unwind after a long day of beach-going with our queen room -- all to yourself.
22,Single Queen,Unwind after a long day of beach-going with our queen room -- all to yourself.
23,Single Queen,Unwind after a long day of beach-going with our queen room -- all to yourself.
24,Single Queen,Unwind after a long day of beach-going with our queen room -- all to yourself.
25,Single Queen,Unwind after a long day of beach-going with our queen room -- all to yourself.
26,Single Queen,Unwind after a long day of beach-going with our queen room -- all to yourself.
27,Single Queen,Unwind after a long day of beach-going with our queen room -- all to yourself.
28,Single Queen,Unwind after a long day of beach-going with our queen room -- all to yourself.
29,Single Queen,Unwind after a long day of beach-going with our queen room -- all to yourself.
30,Single Queen,Unwind after a long day of beach-going with our queen room -- all to yourself.
31,Single Queen,Unwind after a long day of beach-going with our queen room -- all to yourself.
32,Single Queen,Unwind after a long day of beach-going with our queen room -- all to yourself.
33,Single Queen,Unwind after a long day of beach-going with our queen room -- all to yourself.
34,Single Queen,Unwind after a long day of beach-going with our queen room -- all to yourself.
35,Single Queen,Unwind after a long day of beach-going with our queen room -- all to yourself.
36,Single Queen,Unwind after a long day of beach-going with our queen room -- all to yourself.
37,Single Queen,Unwind after a long day of beach-going with our queen room -- all to yourself.
38,Single Queen,Unwind after a long day of beach-going with our queen room -- all to yourself.
39,Single Queen,Unwind after a long day of beach-going with our queen room -- all to yourself.
40,Single Queen,Unwind after a long day of beach-going with our queen room -- all to yourself.
41,Single Queen,Unwind after a long day of beach-going with our queen room -- all to yourself.
42,Single Queen,Unwind after a long day of beach-going with our queen room -- all to yourself.
43,Single Queen,Unwind after a long day of beach-going with our queen room -- all to yourself.
44,Single Queen,Unwind after a long day of beach-going with our queen room -- all to yourself.
45,Single Queen,Unwind after a long day of beach-going with our queen room -- all to yourself.
46,Single Queen,Unwind after a long day of beach-going with our queen room -- all to yourself.
47,Single Queen,Unwind after a long day of beach-going with our queen room -- all to yourself.
48,Single Queen,Unwind after a long day of beach-going with our queen room -- all to yourself.
49,Single Queen,Unwind after a long day of beach-going with our queen room -- all to yourself.
50,Single Queen,Unwind after a long day of beach-going with our queen room -- all to yourself.
51,Single Queen,Unwind after a long day of beach-going with our queen room -- all to yourself.
52,Single Queen,Unwind after a long day of beach-going with our queen room -- all to yourself.
53,Single Queen,Unwind after a long day of beach-going with our queen room -- all to yourself.
54,Single Queen,Unwind after a long day of beach-going with our queen room -- all to yourself.
55,Single Queen,Unwind after a long day of beach-going with our queen room -- all to yourself.
56,Single Queen,Unwind after a long day of beach-going with our queen room -- all to yourself.
57,Single Queen,Unwind after a long day of beach-going with our queen room -- all to yourself.
58,Single Queen,Unwind after a long day of beach-going with our queen room -- all to yourself.
59,Single Queen,Unwind after a long day of beach-going with our queen room -- all to yourself.
60,Single Queen,Unwind after a long day of beach-going with our queen room -- all to yourself.
61,Single Queen,Unwind after a long day of beach-going with our queen room -- all to yourself.
62,Single Queen,Unwind after a long day of beach-going with our queen room -- all to yourself.
63,Single Queen,Unwind after a long day of beach-going with our queen room -- all to yourself.
64,Single Queen,Unwind after a long day of beach-going with our queen room -- all to yourself.
65,Single Queen,Unwind after a long day of beach-going with our queen room -- all to yourself.
66,Single Queen,Unwind after a long day of beach-going with our queen room -- all to yourself.
67,Single Queen,Unwind after a long day of beach-going with our queen room -- all to yourself.
68,Single Queen,Unwind after a long day of beach-going with our queen room -- all to yourself.
69,Single Queen,Unwind after a long day of beach-going with our queen room -- all to yourself.
70,Single Queen,Unwind after a long day of beach-going with our queen room -- all to yourself.
71,Single Queen,Unwind after a long day of beach-going with our queen room -- all to yourself.
72,Single Queen,Unwind after a long day of beach-going with our queen room -- all to yourself.
73,Single Queen,Unwind after a long day of beach-going with our queen room -- all to yourself.
74,Single Queen,Unwind after a long day of beach-going with our queen room -- all to yourself.
75,Single Queen,Unwind after a long day of beach-going with our queen room -- all to yourself.
76,Single Queen,Unwind after a long day of beach-going with our queen room -- all to yourself.
77,Single Queen,Unwind after a long day of beach-going with our queen room -- all to yourself.
78,Single Queen,Unwind after a long day of beach-going with our queen room -- all to yourself.
79,Single Queen,Unwind after a long day of beach-going with our queen room -- all to yourself.
80,Single Queen,Unwind after a long day of beach-going with our queen room -- all to yourself.
81,Single Queen,Unwind after a long day of beach-going with our queen room -- all to yourself.
82,Single Queen,Unwind after a long day of beach-going with our queen room -- all to yourself.
83,Single Queen,Unwind after a long day of beach-going with our queen room -- all to yourself.
84,Single Queen,Unwind after a long day of beach-going with our queen room -- all to yourself.
85,Single Queen,Unwind after a long day of beach-going with our queen room -- all to yourself.
86,Single Queen,Unwind after a long day of beach-going with our queen room -- all to yourself.
87,Single Queen,Unwind after a long day of beach-going with our queen room -- all to yourself.
88,Single Queen,Unwind after a long day of beach-going with our queen room -- all to yourself.
89,Single Queen,Unwind after a long day of beach-going with our queen room -- all to yourself.
90,Single Queen,Unwind after a long day of beach-going with our queen room -- all to yourself.
91,Single Queen,Unwind after a long day of beach-going with our queen room -- all to yourself.
92,Single Queen,Unwind after a long day of beach-going with our queen room -- all to yourself.
93,Single Queen,Unwind after a long day of beach-going with our queen room -- all to yourself.
94,Single Queen,Unwind after a long day of beach-going with our queen room -- all to yourself.
95,Single Queen,Unwind after a long day of beach-going with our queen room -- all to yourself.
96,Single Queen,Unwind after a long day of beach-going with our queen room -- all to yourself.
97,Single Queen,Unwind after a long day of beach-going with our queen room -- all to yourself.
98,Single Queen,Unwind after a long day of beach-going with our queen room -- all to yourself.
99,Single Queen,Unwind after a long day of beach-going with our queen room -- all to yourself.
100,Single Queen,Unwind after a long day of beach-going with our queen room -- all to yourself.
101,Single Queen,Unwind after a long day of beach-going with our queen room -- all to yourself.
102,Single Queen,Unwind after a long day of beach-going with our queen room -- all to yourself.
103,Single Queen,Unwind after a long day of beach-going with our queen room -- all to yourself.
104,Single Queen,Unwind after a long day of beach-going with our queen room -- all to yourself.
105,Single Queen,Unwind after a long day of beach-going with our queen room -- all to yourself.
106,Single Queen,Unwind after a long day of beach-going with our queen room -- all to yourself.
107,Single Queen,Unwind after a long day of beach-going with our queen room -- all to yourself.
108,Single Queen,Unwind after a long day of beach-going with our queen room -- all to yourself.
109,Single Queen,Unwind after a long day of beach-going with our queen room -- all to yourself.
110,Single Queen,Unwind after a long day of beach-going with our queen room -- all to yourself.
111,Double Queen,The two queen beds room is awash in beachy hues and brilliantly appointed with a gracious lounge area and work space.
112,Double Queen,The two queen beds room is awash in beachy hues and brilliantly appointed with a gracious lounge area and work space.
113,Double Queen,The two queen beds room is awash in beachy hues and brilliantly appointed with a gracious lounge area and work space.
114,Double Queen,The two queen beds room is awash in beachy hues and brilliantly appointed with a gracious lounge area and work space.
115,Double Queen,The two queen beds room is awash in beachy hues and brilliantly appointed with a gracious lounge area and work space.
116,Double Queen,The two queen beds room is awash in beachy hues and brilliantly appointed with a gracious lounge area and work space.
117,Double Queen,The two queen beds room is awash in beachy hues and brilliantly appointed with a gracious lounge area and work space.
118,Double Queen,The two queen beds room is awash in beachy hues and brilliantly appointed with a gracious lounge area and work space.
119,Double Queen,The two queen beds room is awash in beachy hues and brilliantly appointed with a gracious lounge area and work space.
120,Double Queen,The two queen beds room is awash in beachy hues and brilliantly appointed with a gracious lounge area and work space.
121,Double Queen,The two queen beds room is awash in beachy hues and brilliantly appointed with a gracious lounge area and work space.
122,Double Queen,The two queen beds room is awash in beachy hues and brilliantly appointed with a gracious lounge area and work space.
123,Double Queen,The two queen beds room is awash in beachy hues and brilliantly appointed with a gracious lounge area and work space.
124,Double Queen,The two queen beds room is awash in beachy hues and brilliantly appointed with a gracious lounge area and work space.
125,Double Queen,The two queen beds room is awash in beachy hues and brilliantly appointed with a gracious lounge area and work space.
126,Single King,"Unwind after a long day of beach-going with our king room -- fit for a king, all to yourself."
127,Single King,"Unwind after a long day of beach-going with our king room -- fit for a king, all to yourself."
128,Single King,"Unwind after a long day of beach-going with our king room -- fit for a king, all to yourself."
129,Single King,"Unwind after a long day of beach-going with our king room -- fit for a king, all to yourself."
130,Single King,"Unwind after a long day of beach-going with our king room -- fit for a king, all to yourself."
131,Single King,"Unwind after a long day of beach-going with our king room -- fit for a king, all to yourself."
132,Single King,"Unwind after a long day of beach-going with our king room -- fit for a king, all to yourself."
133,Single King,"Unwind after a long day of beach-going with our king room -- fit for a king, all to yourself."
134,Single King,"Unwind after a long day of beach-going with our king room -- fit for a king, all to yourself."
135,Single King,"Unwind after a long day of beach-going with our king room -- fit for a king, all to yourself."
136,Single King,"Unwind after a long day of beach-going with our king room -- fit for a king, all to yourself."
137,Single King,"Unwind after a long day of beach-going with our king room -- fit for a king, all to yourself."
138,Single King,"Unwind after a long day of beach-going with our king room -- fit for a king, all to yourself."
139,Single King,"Unwind after a long day of beach-going with our king room -- fit for a king, all to yourself."
140,Single King,"Unwind after a long day of beach-going with our king room -- fit for a king, all to yourself."
141,Single King,"Unwind after a long day of beach-going with our king room -- fit for a king, all to yourself."
142,Single King,"Unwind after a long day of beach-going with our king room -- fit for a king, all to yourself."
143,Single King,"Unwind after a long day of beach-going with our king room -- fit for a king, all to yourself."
144,Single King,"Unwind after a long day of beach-going with our king room -- fit for a king, all to yourself."
145,Single King,"Unwind after a long day of beach-going with our king room -- fit for a king, all to yourself."
146,Single King,"Unwind after a long day of beach-going with our king room -- fit for a king, all to yourself."
147,Single King,"Unwind after a long day of beach-going with our king room -- fit for a king, all to yourself."
148,Single King,"Unwind after a long day of beach-going with our king room -- fit for a king, all to yourself."
149,Lovebird Suite,The Lovebird Suite is all you need for a romantic getaway by the beach.
150,Single King,"Unwind after a long day of beach-going with our king room -- fit for a king, all to yourself."
151,Double King,The two king beds room is awash in beachy hues and brilliantly appointed with a gracious lounge area and work space.
152,Double King,The two king beds room is awash in beachy hues and brilliantly appointed with a gracious lounge area and work space.
153,Double King,The two king beds room is awash in beachy hues and brilliantly appointed with a gracious lounge area and work space.
154,Double King,The two king beds room is awash in beachy hues and brilliantly appointed with a gracious lounge area and work space.
155,Double King,The two king beds room is awash in beachy hues and brilliantly appointed with a gracious lounge area and work space.
156,Double King,The two king beds room is awash in beachy hues and brilliantly appointed with a gracious lounge area and work space.
157,Double King,The two king beds room is awash in beachy hues and brilliantly appointed with a gracious lounge area and work space.
158,Double King,The two king beds room is awash in beachy hues and brilliantly appointed with a gracious lounge area and work space.
159,Double King,The two king beds room is awash in beachy hues and brilliantly appointed with a gracious lounge area and work space.
160,Ocean View Suite,Take in gorgeous views of the ocean from the comfort of your home away from home.
201,Single Queen,Unwind after a long day of beach-going with our queen room -- all to yourself.
202,Single Queen,Unwind after a long day of beach-going with our queen room -- all to yourself.
203,Single Queen,Unwind after a long day of beach-going with our queen room -- all to yourself.
204,Single Queen,Unwind after a long day of beach-going with our queen room -- all to yourself.
205,Single Queen,Unwind after a long day of beach-going with our queen room -- all to yourself.
206,Single Queen,Unwind after a long day of beach-going with our queen room -- all to yourself.
207,Single Queen,Unwind after a long day of beach-going with our queen room -- all to yourself.
208,Single Queen,Unwind after a long day of beach-going with our queen room -- all to yourself.
209,Single Queen,Unwind after a long day of beach-going with our queen room -- all to yourself.
210,Single Queen,Unwind after a long day of beach-going with our queen room -- all to yourself.
211,Double Queen,The two queen beds room is awash in beachy hues and brilliantly appointed with a gracious lounge area and work space.
212,Double Queen,The two queen beds room is awash in beachy hues and brilliantly appointed with a gracious lounge area and work space.
213,Double Queen,The two queen beds room is awash in beachy hues and brilliantly appointed with a gracious lounge area and work space.
214,Double Queen,The two queen beds room is awash in beachy hues and brilliantly appointed with a gracious lounge area and work space.
215,Double Queen,The two queen beds room is awash in beachy hues and brilliantly appointed with a gracious lounge area and work space.
216,Double Queen,The two queen beds room is awash in beachy hues and brilliantly appointed with a gracious lounge area and work space.
217,Double Queen,The two queen beds room is awash in beachy hues and brilliantly appointed with a gracious lounge area and work space.
218,Double Queen,The two queen beds room is awash in beachy hues and brilliantly appointed with a gracious lounge area and work space.
219,Double Queen,The two queen beds room is awash in beachy hues and brilliantly appointed with a gracious lounge area and work space.
220,Double Queen,The two queen beds room is awash in beachy hues and brilliantly appointed with a gracious lounge area and work space.
221,Double Queen,The two queen beds room is awash in beachy hues and brilliantly appointed with a gracious lounge area and work space.
222,Double Queen,The two queen beds room is awash in beachy hues and brilliantly appointed with a gracious lounge area and work space.
223,Double Queen,The two queen beds room is awash in beachy hues and brilliantly appointed with a gracious lounge area and work space.
224,Double Queen,The two queen beds room is awash in beachy hues and brilliantly appointed with a gracious lounge area and work space.
225,Double Queen,The two queen beds room is awash in beachy hues and brilliantly appointed with a gracious lounge area and work space.
226,Single King,"Unwind after a long day of beach-going with our king room -- fit for a king, all to yourself."
227,Single King,"Unwind after a long day of beach-going with our king room -- fit for a king, all to yourself."
228,Single King,"Unwind after a long day of beach-going with our king room -- fit for a king, all to yourself."
229,Single King,"Unwind after a long day of beach-going with our king room -- fit for a king, all to yourself."
230,Single King,"Unwind after a long day of beach-going with our king room -- fit for a king, all to yourself."
231,Single King,"Unwind after a long day of beach-going with our king room -- fit for a king, all to yourself."
232,Single King,"Unwind after a long day of beach-going with our king room -- fit for a king, all to yourself."
233,Single King,"Unwind after a long day of beach-going with our king room -- fit for a king, all to yourself."
234,Single King,"Unwind after a long day of beach-going with our king room -- fit for a king, all to yourself."
235,Single King,"Unwind after a long day of beach-going with our king room -- fit for a king, all to yourself."
236,Single King,"Unwind after a long day of beach-going with our king room -- fit for a king, all to yourself."
237,Single King,"Unwind after a long day of beach-going with our king room -- fit for a king, all to yourself."
238,Single King,"Unwind after a long day of beach-going with our king room -- fit for a king, all to yourself."
239,Single King,"Unwind after a long day of beach-going with our king room -- fit for a king, all to yourself."
240,Single King,"Unwind after a long day of beach-going with our king room -- fit for a king, all to yourself."
241,Single King,"Unwind after a long day of beach-going with our king room -- fit for a king, all to yourself."
242,Single King,"Unwind after a long day of beach-going with our king room -- fit for a king, all to yourself."
243,Single King,"Unwind after a long day of beach-going with our king room -- fit for a king, all to yourself."
244,Single King,"Unwind after a long day of beach-going with our king room -- fit for a king, all to yourself."
245,Single King,"Unwind after a long day of beach-going with our king room -- fit for a king, all to yourself."
246,Single King,"Unwind after a long day of beach-going with our king room -- fit for a king, all to yourself."
247,Single King,"Unwind after a long day of beach-going with our king room -- fit for a king, all to yourself."
248,Single King,"Unwind after a long day of beach-going with our king room -- fit for a king, all to yourself."
249,Lovebird Suite,The Lovebird Suite is all you need for a romantic getaway by the beach.
250,Single King,"Unwind after a long day of beach-going with our king room -- fit for a king, all to yourself."
251,Double King,The two king beds room is awash in beachy hues and brilliantly appointed with a gracious lounge area and work space.
252,Double King,The two king beds room is awash in beachy hues and brilliantly appointed with a gracious lounge area and work space.
253,Double King,The two king beds room is awash in beachy hues and brilliantly appointed with a gracious lounge area and work space.
254,Double King,The two king beds room is awash in beachy hues and brilliantly appointed with a gracious lounge area and work space.
255,Double King,The two king beds room is awash in beachy hues and brilliantly appointed with a gracious lounge area and work space.
256,Double King,The two king beds room is awash in beachy hues and brilliantly appointed with a gracious lounge area and work space.
257,Double King,The two king beds room is awash in beachy hues and brilliantly appointed with a gracious lounge area and work space.
258,Double King,The two king beds room is awash in beachy hues and brilliantly appointed with a gracious lounge area and work space.
259,Double King,The two king beds room is awash in beachy hues and brilliantly appointed with a gracious lounge area and work space.
260,Ocean View Suite,Take in gorgeous views of the ocean from the comfort of your home away from home.
301,Single Queen,Unwind after a long day of beach-going with our queen room -- all to yourself.
302,Single Queen,Unwind after a long day of beach-going with our queen room -- all to yourself.
303,Single Queen,Unwind after a long day of beach-going with our queen room -- all to yourself.
304,Single Queen,Unwind after a long day of beach-going with our queen room -- all to yourself.
305,Single Queen,Unwind after a long day of beach-going with our queen room -- all to yourself.
306,Single Queen,Unwind after a long day of beach-going with our queen room -- all to yourself.
307,Single Queen,Unwind after a long day of beach-going with our queen room -- all to yourself.
308,Single Queen,Unwind after a long day of beach-going with our queen room -- all to yourself.
309,Single Queen,Unwind after a long day of beach-going with our queen room -- all to yourself.
310,Single Queen,Unwind after a long day of beach-going with our queen room -- all to yourself.
311,Double Queen,The two queen beds room is awash in beachy hues and brilliantly appointed with a gracious lounge area and work space.
312,Double Queen,The two queen beds room is awash in beachy hues and brilliantly appointed with a gracious lounge area and work space.
313,Double Queen,The two queen beds room is awash in beachy hues and brilliantly appointed with a gracious lounge area and work space.
314,Double Queen,The two queen beds room is awash in beachy hues and brilliantly appointed with a gracious lounge area and work space.
315,Double Queen,The two queen beds room is awash in beachy hues and brilliantly appointed with a gracious lounge area and work space.
316,Double Queen,The two queen beds room is awash in beachy hues and brilliantly appointed with a gracious lounge area and work space.
317,Double Queen,The two queen beds room is awash in beachy hues and brilliantly appointed with a gracious lounge area and work space.
318,Double Queen,The two queen beds room is awash in beachy hues and brilliantly appointed with a gracious lounge area and work space.
319,Double Queen,The two queen beds room is awash in beachy hues and brilliantly appointed with a gracious lounge area and work space.
320,Double Queen,The two queen beds room is awash in beachy hues and brilliantly appointed with a gracious lounge area and work space.
321,Double Queen,The two queen beds room is awash in beachy hues and brilliantly appointed with a gracious lounge area and work space.
322,Double Queen,The two queen beds room is awash in beachy hues and brilliantly appointed with a gracious lounge area and work space.
323,Double Queen,The two queen beds room is awash in beachy hues and brilliantly appointed with a gracious lounge area and work space.
324,Double Queen,The two queen beds room is awash in beachy hues and brilliantly appointed with a gracious lounge area and work space.
325,Double Queen,The two queen beds room is awash in beachy hues and brilliantly appointed with a gracious lounge area and work space.
326,Single King,"Unwind after a long day of beach-going with our king room -- fit for a king, all to yourself."
327,Single King,"Unwind after a long day of beach-going with our king room -- fit for a king, all to yourself."
328,Single King,"Unwind after a long day of beach-going with our king room -- fit for a king, all to yourself."
329,Single King,"Unwind after a long day of beach-going with our king room -- fit for a king, all to yourself."
330,Single King,"Unwind after a long day of beach-going with our king room -- fit for a king, all to yourself."
331,Single King,"Unwind after a long day of beach-going with our king room -- fit for a king, all to yourself."
332,Single King,"Unwind after a long day of beach-going with our king room -- fit for a king, all to yourself."
333,Single King,"Unwind after a long day of beach-going with our king room -- fit for a king, all to yourself."
334,Single King,"Unwind after a long day of beach-going with our king room -- fit for a king, all to yourself."
335,Single King,"Unwind after a long day of beach-going with our king room -- fit for a king, all to yourself."
336,Single King,"Unwind after a long day of beach-going with our king room -- fit for a king, all to yourself."
337,Single King,"Unwind after a long day of beach-going with our king room -- fit for a king, all to yourself."
338,Single King,"Unwind after a long day of beach-going with our king room -- fit for a king, all to yourself."
339,Single King,"Unwind after a long day of beach-going with our king room -- fit for a king, all to yourself."
340,Single King,"Unwind after a long day of beach-going with our king room -- fit for a king, all to yourself."
341,Single King,"Unwind after a long day of beach-going with our king room -- fit for a king, all to yourself."
342,Single King,"Unwind after a long day of beach-going with our king room -- fit for a king, all to yourself."
343,Single King,"Unwind after a long day of beach-going with our king room -- fit for a king, all to yourself."
344,Single King,"Unwind after a long day of beach-going with our king room -- fit for a king, all to yourself."
345,Single King,"Unwind after a long day of beach-going with our king room -- fit for a king, all to yourself."
346,Single King,"Unwind after a long day of beach-going with our king room -- fit for a king, all to yourself."
347,Single King,"Unwind after a long day of beach-going with our king room -- fit for a king, all to yourself."
348,Single King,"Unwind after a long day of beach-going with our king room -- fit for a king, all to yourself."
349,Lovebird Suite,The Lovebird Suite is all you need for a romantic getaway by the beach.
350,Single King,"Unwind after a long day of beach-going with our king room -- fit for a king, all to yourself."
351,Double King,The two king beds room is awash in beachy hues and brilliantly appointed with a gracious lounge area and work space.
352,Double King,The two king beds room is awash in beachy hues and brilliantly appointed with a gracious lounge area and work space.
353,Double King,The two king beds room is awash in beachy hues and brilliantly appointed with a gracious lounge area and work space.
354,Double King,The two king beds room is awash in beachy hues and brilliantly appointed with a gracious lounge area and work space.
355,Double King,The two king beds room is awash in beachy hues and brilliantly appointed with a gracious lounge area and work space.
356,Double King,The two king beds room is awash in beachy hues and brilliantly appointed with a gracious lounge area and work space.
357,Double King,The two king beds room is awash in beachy hues and brilliantly appointed with a gracious lounge area and work space.
358,Double King,The two king beds room is awash in beachy hues and brilliantly appointed with a gracious lounge area and work space.
359,Double King,The two king beds room is awash in beachy hues and brilliantly appointed with a gracious lounge area and work space.
360,Ocean View Suite,Take in gorgeous views of the ocean from the comfort of your home away from home.
401,Single Queen,Unwind after a long day of beach-going with our queen room -- all to yourself.
402,Single Queen,Unwind after a long day of beach-going with our queen room -- all to yourself.
403,Single Queen,Unwind after a long day of beach-going with our queen room -- all to yourself.
404,Single Queen,Unwind after a long day of beach-going with our queen room -- all to yourself.
405,Single Queen,Unwind after a long day of beach-going with our queen room -- all to yourself.
406,Single Queen,Unwind after a long day of beach-going with our queen room -- all to yourself.
407,Single Queen,Unwind after a long day of beach-going with our queen room -- all to yourself.
408,Single Queen,Unwind after a long day of beach-going with our queen room -- all to yourself.
409,Single Queen,Unwind after a long day of beach-going with our queen room -- all to yourself.
410,Single Queen,Unwind after a long day of beach-going with our queen room -- all to yourself.
411,Double Queen,The two queen beds room is awash in beachy hues and brilliantly appointed with a gracious lounge area and work space.
412,Double Queen,The two queen beds room is awash in beachy hues and brilliantly appointed with a gracious lounge area and work space.
413,Double Queen,The two queen beds room is awash in beachy hues and brilliantly appointed with a gracious lounge area and work space.
414,Double Queen,The two queen beds room is awash in beachy hues and brilliantly appointed with a gracious lounge area and work space.
415,Double Queen,The two queen beds room is awash in beachy hues and brilliantly appointed with a gracious lounge area and work space.
416,Double Queen,The two queen beds room is awash in beachy hues and brilliantly appointed with a gracious lounge area and work space.
417,Double Queen,The two queen beds room is awash in beachy hues and brilliantly appointed with a gracious lounge area and work space.
418,Double Queen,The two queen beds room is awash in beachy hues and brilliantly appointed with a gracious lounge area and work space.
419,Double Queen,The two queen beds room is awash in beachy hues and brilliantly appointed with a gracious lounge area and work space.
420,Double Queen,The two queen beds room is awash in beachy hues and brilliantly appointed with a gracious lounge area and work space.
421,Double Queen,The two queen beds room is awash in beachy hues and brilliantly appointed with a gracious lounge area and work space.
422,Double Queen,The two queen beds room is awash in beachy hues and brilliantly appointed with a gracious lounge area and work space.
423,Double Queen,The two queen beds room is awash in beachy hues and brilliantly appointed with a gracious lounge area and work space.
424,Double Queen,The two queen beds room is awash in beachy hues and brilliantly appointed with a gracious lounge area and work space.
425,Double Queen,The two queen beds room is awash in beachy hues and brilliantly appointed with a gracious lounge area and work space.
426,Single King,"Unwind after a long day of beach-going with our king room -- fit for a king, all to yourself."
427,Single King,"Unwind after a long day of beach-going with our king room -- fit for a king, all to yourself."
428,Single King,"Unwind after a long day of beach-going with our king room -- fit for a king, all to yourself."
429,Single King,"Unwind after a long day of beach-going with our king room -- fit for a king, all to yourself."
430,Single King,"Unwind after a long day of beach-going with our king room -- fit for a king, all to yourself."
431,Single King,"Unwind after a long day of beach-going with our king room -- fit for a king, all to yourself."
432,Single King,"Unwind after a long day of beach-going with our king room -- fit for a king, all to yourself."
433,Single King,"Unwind after a long day of beach-going with our king room -- fit for a king, all to yourself."
434,Single King,"Unwind after a long day of beach-going with our king room -- fit for a king, all to yourself."
435,Single King,"Unwind after a long day of beach-going with our king room -- fit for a king, all to yourself."
436,Single King,"Unwind after a long day of beach-going with our king room -- fit for a king, all to yourself."
437,Single King,"Unwind after a long day of beach-going with our king room -- fit for a king, all to yourself."
438,Single King,"Unwind after a long day of beach-going with our king room -- fit for a king, all to yourself."
439,Single King,"Unwind after a long day of beach-going with our king room -- fit for a king, all to yourself."
440,Single King,"Unwind after a long day of beach-going with our king room -- fit for a king, all to yourself."
441,Single King,"Unwind after a long day of beach-going with our king room -- fit for a king, all to yourself."
442,Single King,"Unwind after a long day of beach-going with our king room -- fit for a king, all to yourself."
443,Single King,"Unwind after a long day of beach-going with our king room -- fit for a king, all to yourself."
444,Single King,"Unwind after a long day of beach-going with our king room -- fit for a king, all to yourself."
445,Single King,"Unwind after a long day of beach-going with our king room -- fit for a king, all to yourself."
446,Single King,"Unwind after a long day of beach-going with our king room -- fit for a king, all to yourself."
447,Single King,"Unwind after a long day of beach-going with our king room -- fit for a king, all to yourself."
448,Single King,"Unwind after a long day of beach-going with our king room -- fit for a king, all to yourself."
449,Lovebird Suite,The Lovebird Suite is all you need for a romantic getaway by the beach.
450,Single King,"Unwind after a long day of beach-going with our king room -- fit for a king, all to yourself."
451,Double King,The two king beds room is awash in beachy hues and brilliantly appointed with a gracious lounge area and work space.
452,Double King,The two king beds room is awash in beachy hues and brilliantly appointed with a gracious lounge area and work space.
453,Double King,The two king beds room is awash in beachy hues and brilliantly appointed with a gracious lounge area and work space.
454,Double King,The two king beds room is awash in beachy hues and brilliantly appointed with a gracious lounge area and work space.
455,Double King,The two king beds room is awash in beachy hues and brilliantly appointed with a gracious lounge area and work space.
456,Double King,The two king beds room is awash in beachy hues and brilliantly appointed with a gracious lounge area and work space.
457,Double King,The two king beds room is awash in beachy hues and brilliantly appointed with a gracious lounge area and work space.
458,Double King,The two king beds room is awash in beachy hues and brilliantly appointed with a gracious lounge area and work space.
459,Double King,The two king beds room is awash in beachy hues and brilliantly appointed with a gracious lounge area and work space.
460,Ocean View Suite,Take in gorgeous views of the ocean from the comfort of your home away from home.
501,Single Queen,Unwind after a long day of beach-going with our queen room -- all to yourself.
502,Single Queen,Unwind after a long day of beach-going with our queen room -- all to yourself.
503,Single Queen,Unwind after a long day of beach-going with our queen room -- all to yourself.
504,Single Queen,Unwind after a long day of beach-going with our queen room -- all to yourself.
505,Single Queen,Unwind after a long day of beach-going with our queen room -- all to yourself.
506,Single Queen,Unwind after a long day of beach-going with our queen room -- all to yourself.
507,Single Queen,Unwind after a long day of beach-going with our queen room -- all to yourself.
508,Single Queen,Unwind after a long day of beach-going with our queen room -- all to yourself.
509,Single Queen,Unwind after a long day of beach-going with our queen room -- all to yourself.
510,Single Queen,Unwind after a long day of beach-going with our queen room -- all to yourself.
511,Double Queen,The two queen beds room is awash in beachy hues and brilliantly appointed with a gracious lounge area and work space.
512,Double Queen,The two queen beds room is awash in beachy hues and brilliantly appointed with a gracious lounge area and work space.
513,Double Queen,The two queen beds room is awash in beachy hues and brilliantly appointed with a gracious lounge area and work space.
514,Double Queen,The two queen beds room is awash in beachy hues and brilliantly appointed with a gracious lounge area and work space.
515,Double Queen,The two queen beds room is awash in beachy hues and brilliantly appointed with a gracious lounge area and work space.
516,Double Queen,The two queen beds room is awash in beachy hues and brilliantly appointed with a gracious lounge area and work space.
517,Double Queen,The two queen beds room is awash in beachy hues and brilliantly appointed with a gracious lounge area and work space.
518,Double Queen,The two queen beds room is awash in beachy hues and brilliantly appointed with a gracious lounge area and work space.
519,Double Queen,The two queen beds room is awash in beachy hues and brilliantly appointed with a gracious lounge area and work space.
520,Double Queen,The two queen beds room is awash in beachy hues and brilliantly appointed with a gracious lounge area and work space.
521,Double Queen,The two queen beds room is awash in beachy hues and brilliantly appointed with a gracious lounge area and work space.
522,Double Queen,The two queen beds room is awash in beachy hues and brilliantly appointed with a gracious lounge area and work space.
523,Double Queen,The two queen beds room is awash in beachy hues and brilliantly appointed with a gracious lounge area and work space.
524,Double Queen,The two queen beds room is awash in beachy hues and brilliantly appointed with a gracious lounge area and work space.
525,Double Queen,The two queen beds room is awash in beachy hues and brilliantly appointed with a gracious lounge area and work space.
526,Single King,"Unwind after a long day of beach-going with our king room -- fit for a king, all to yourself."
527,Single King,"Unwind after a long day of beach-going with our king room -- fit for a king, all to yourself."
528,Single King,"Unwind after a long day of beach-going with our king room -- fit for a king, all to yourself."
529,Single King,"Unwind after a long day of beach-going with our king room -- fit for a king, all to yourself."
530,Single King,"Unwind after a long day of beach-going with our king room -- fit for a king, all to yourself."
531,Single King,"Unwind after a long day of beach-going with our king room -- fit for a king, all to yourself."
532,Single King,"Unwind after a long day of beach-going with our king room -- fit for a king, all to yourself."
533,Single King,"Unwind after a long day of beach-going with our king room -- fit for a king, all to yourself."
534,Single King,"Unwind after a long day of beach-going with our king room -- fit for a king, all to yourself."
535,Single King,"Unwind after a long day of beach-going with our king room -- fit for a king, all to yourself."
536,Single King,"Unwind after a long day of beach-going with our king room -- fit for a king, all to yourself."
537,Single King,"Unwind after a long day of beach-going with our king room -- fit for a king, all to yourself."
538,Single King,"Unwind after a long day of beach-going with our king room -- fit for a king, all to yourself."
539,Single King,"Unwind after a long day of beach-going with our king room -- fit for a king, all to yourself."
540,Single King,"Unwind after a long day of beach-going with our king room -- fit for a king, all to yourself."
541,Single King,"Unwind after a long day of beach-going with our king room -- fit for a king, all to yourself."
542,Single King,"Unwind after a long day of beach-going with our king room -- fit for a king, all to yourself."
543,Single King,"Unwind after a long day of beach-going with our king room -- fit for a king, all to yourself."
544,Single King,"Unwind after a long day of beach-going with our king room -- fit for a king, all to yourself."
545,Single King,"Unwind after a long day of beach-going with our king room -- fit for a king, all to yourself."
546,Single King,"Unwind after a long day of beach-going with our king room -- fit for a king, all to yourself."
547,Single King,"Unwind after a long day of beach-going with our king room -- fit for a king, all to yourself."
548,Single King,"Unwind after a long day of beach-going with our king room -- fit for a king, all to yourself."
549,Lovebird Suite,The Lovebird Suite is all you need for a romantic getaway by the beach.
550,Single King,"Unwind after a long day of beach-going with our king room -- fit for a king, all to yourself."
551,Double King,The two king beds room is awash in beachy hues and brilliantly appointed with a gracious lounge area and work space.
552,Double King,The two king beds room is awash in beachy hues and brilliantly appointed with a gracious lounge area and work space.
553,Double King,The two king beds room is awash in beachy hues and brilliantly appointed with a gracious lounge area and work space.
554,Double King,The two king beds room is awash in beachy hues and brilliantly appointed with a gracious lounge area and work space.
555,Double King,The two king beds room is awash in beachy hues and brilliantly appointed with a gracious lounge area and work space.
556,Double King,The two king beds room is awash in beachy hues and brilliantly appointed with a gracious lounge area and work space.
557,Double King,The two king beds room is awash in beachy hues and brilliantly appointed with a gracious lounge area and work space.
558,Double King,The two king beds room is awash in beachy hues and brilliantly appointed with a gracious lounge area and work space.
559,Double King,The two king beds room is awash in beachy hues and brilliantly appointed with a gracious lounge area and work space.
560,Ocean View Suite,Take in gorgeous views of the ocean from the comfort of your home away from home.
601,Single Queen,Unwind after a long day of beach-going with our queen room -- all to yourself.
602,Single Queen,Unwind after a long day of beach-going with our queen room -- all to yourself.
603,Single Queen,Unwind after a long day of beach-going with our queen room -- all to yourself.
604,Single Queen,Unwind after a long day of beach-going with our queen room -- all to yourself.
605,Single Queen,Unwind after a long day of beach-going with our queen room -- all to yourself.
606,Single Queen,Unwind after a long day of beach-going with our queen room -- all to yourself.
607,Single Queen,Unwind after a long day of beach-going with our queen room -- all to yourself.
608,Single Queen,Unwind after a long day of beach-going with our queen room -- all to yourself.
609,Single Queen,Unwind after a long day of beach-going with our queen room -- all to yourself.
610,Single Queen,Unwind after a long day of beach-going with our queen room -- all to yourself.
611,Double Queen,The two queen beds room is awash in beachy hues and brilliantly appointed with a gracious lounge area and work space.
612,Double Queen,The two queen beds room is awash in beachy hues and brilliantly appointed with a gracious lounge area and work space.
613,Double Queen,The two queen beds room is awash in beachy hues and brilliantly appointed with a gracious lounge area and work space.
614,Double Queen,The two queen beds room is awash in beachy hues and brilliantly appointed with a gracious lounge area and work space.
615,Double Queen,The two queen beds room is awash in beachy hues and brilliantly appointed with a gracious lounge area and work space.
616,Double Queen,The two queen beds room is awash in beachy hues and brilliantly appointed with a gracious lounge area and work space.
617,Double Queen,The two queen beds room is awash in beachy hues and brilliantly appointed with a gracious lounge area and work space.
618,Double Queen,The two queen beds room is awash in beachy hues and brilliantly appointed with a gracious lounge area and work space.
619,Double Queen,The two queen beds room is awash in beachy hues and brilliantly appointed with a gracious lounge area and work space.
620,Double Queen,The two queen beds room is awash in beachy hues and brilliantly appointed with a gracious lounge area and work space.
621,Double Queen,The two queen beds room is awash in beachy hues and brilliantly appointed with a gracious lounge area and work space.
622,Double Queen,The two queen beds room is awash in beachy hues and brilliantly appointed with a gracious lounge area and work space.
623,Double Queen,The two queen beds room is awash in beachy hues and brilliantly appointed with a gracious lounge area and work space.
624,Double Queen,The two queen beds room is awash in beachy hues and brilliantly appointed with a gracious lounge area and work space.
625,Double Queen,The two queen beds room is awash in beachy hues and brilliantly appointed with a gracious lounge area and work space.
626,Single King,"Unwind after a long day of beach-going with our king room -- fit for a king, all to yourself."
627,Single King,"Unwind after a long day of beach-going with our king room -- fit for a king, all to yourself."
628,Single King,"Unwind after a long day of beach-going with our king room -- fit for a king, all to yourself."
629,Single King,"Unwind after a long day of beach-going with our king room -- fit for a king, all to yourself."
630,Single King,"Unwind after a long day of beach-going with our king room -- fit for a king, all to yourself."
631,Single King,"Unwind after a long day of beach-going with our king room -- fit for a king, all to yourself."
632,Single King,"Unwind after a long day of beach-going with our king room -- fit for a king, all to yourself."
633,Single King,"Unwind after a long day of beach-going with our king room -- fit for a king, all to yourself."
634,Single King,"Unwind after a long day of beach-going with our king room -- fit for a king, all to yourself."
635,Single King,"Unwind after a long day of beach-going with our king room -- fit for a king, all to yourself."
636,Single King,"Unwind after a long day of beach-going with our king room -- fit for a king, all to yourself."
637,Single King,"Unwind after a long day of beach-going with our king room -- fit for a king, all to yourself."
638,Single King,"Unwind after a long day of beach-going with our king room -- fit for a king, all to yourself."
639,Single King,"Unwind after a long day of beach-going with our king room -- fit for a king, all to yourself."
640,Single King,"Unwind after a long day of beach-going with our king room -- fit for a king, all to yourself."
641,Single King,"Unwind after a long day of beach-going with our king room -- fit for a king, all to yourself."
642,Single King,"Unwind after a long day of beach-going with our king room -- fit for a king, all to yourself."
643,Single King,"Unwind after a long day of beach-going with our king room -- fit for a king, all to yourself."
644,Single King,"Unwind after a long day of beach-going with our king room -- fit for a king, all to yourself."
645,Single King,"Unwind after a long day of beach-going with our king room -- fit for a king, all to yourself."
646,Single King,"Unwind after a long day of beach-going with our king room -- fit for a king, all to yourself."
647,Single King,"Unwind after a long day of beach-going with our king room -- fit for a king, all to yourself."
648,Single King,"Unwind after a long day of beach-going with our king room -- fit for a king, all to yourself."
649,Lovebird Suite,The Lovebird Suite is all you need for a romantic getaway by the beach.
650,Single King,"Unwind after a long day of beach-going with our king room -- fit for a king, all to yourself."
651,Double King,The two king beds room is awash in beachy hues and brilliantly appointed with a gracious lounge area and work space.
652,Double King,The two king beds room is awash in beachy hues and brilliantly appointed with a gracious lounge area and work space.
653,Double King,The two king beds room is awash in beachy hues and brilliantly appointed with a gracious lounge area and work space.
654,Double King,The two king beds room is awash in beachy hues and brilliantly appointed with a gracious lounge area and work space.
655,Double King,The two king beds room is awash in beachy hues and brilliantly appointed with a gracious lounge area and work space.
656,Double King,The two king beds room is awash in beachy hues and brilliantly appointed with a gracious lounge area and work space.
657,Double King,The two king beds room is awash in beachy hues and brilliantly appointed with a gracious lounge area and work space.
658,Double King,The two king beds room is awash in beachy hues and brilliantly appointed with a gracious lounge area and work space.
659,Double King,The two king beds room is awash in beachy hues and brilliantly appointed with a gracious lounge area and work space.
660,Ocean View Suite,Take in gorgeous views of the ocean from the comfort of your home away from home.
701,Single Queen,Unwind after a long day of beach-going with our queen room -- all to yourself.
702,Single Queen,Unwind after a long day of beach-going with our queen room -- all to yourself.
703,Single Queen,Unwind after a long day of beach-going with our queen room -- all to yourself.
704,Single Queen,Unwind after a long day of beach-going with our queen room -- all to yourself.
705,Single Queen,Unwind after a long day of beach-going with our queen room -- all to yourself.
706,Single Queen,Unwind after a long day of beach-going with our queen room -- all to yourself.
707,Single Queen,Unwind after a long day of beach-going with our queen room -- all to yourself.
708,Single Queen,Unwind after a long day of beach-going with our queen room -- all to yourself.
709,Single Queen,Unwind after a long day of beach-going with our queen room -- all to yourself.
710,Single Queen,Unwind after a long day of beach-going with our queen room -- all to yourself.
711,Double Queen,The two queen beds room is awash in beachy hues and brilliantly appointed with a gracious lounge area and work space.
712,Double Queen,The two queen beds room is awash in beachy hues and brilliantly appointed with a gracious lounge area and work space.
713,Double Queen,The two queen beds room is awash in beachy hues and brilliantly appointed with a gracious lounge area and work space.
714,Double Queen,The two queen beds room is awash in beachy hues and brilliantly appointed with a gracious lounge area and work space.
715,Double Queen,The two queen beds room is awash in beachy hues and brilliantly appointed with a gracious lounge area and work space.
716,Double Queen,The two queen beds room is awash in beachy hues and brilliantly appointed with a gracious lounge area and work space.
717,Double Queen,The two queen beds room is awash in beachy hues and brilliantly appointed with a gracious lounge area and work space.
718,Double Queen,The two queen beds room is awash in beachy hues and brilliantly appointed with a gracious lounge area and work space.
719,Double Queen,The two queen beds room is awash in beachy hues and brilliantly appointed with a gracious lounge area and work space.
720,Double Queen,The two queen beds room is awash in beachy hues and brilliantly appointed with a gracious lounge area and work space.
721,Double Queen,The two queen beds room is awash in beachy hues and brilliantly appointed with a gracious lounge area and work space.
722,Double Queen,The two queen beds room is awash in beachy hues and brilliantly appointed with a gracious lounge area and work space.
723,Double Queen,The two queen beds room is awash in beachy hues and brilliantly appointed with a gracious lounge area and work space.
724,Double Queen,The two queen beds room is awash in beachy hues and brilliantly appointed with a gracious lounge area and work space.
725,Double Queen,The two queen beds room is awash in beachy hues and brilliantly appointed with a gracious lounge area and work space.
726,Single King,"Unwind after a long day of beach-going with our king room -- fit for a king, all to yourself."
727,Single King,"Unwind after a long day of beach-going with our king room -- fit for a king, all to yourself."
728,Single King,"Unwind after a long day of beach-going with our king room -- fit for a king, all to yourself."
729,Single King,"Unwind after a long day of beach-going with our king room -- fit for a king, all to yourself."
730,Single King,"Unwind after a long day of beach-going with our king room -- fit for a king, all to yourself."
731,Single King,"Unwind after a long day of beach-going with our king room -- fit for a king, all to yourself."
732,Single King,"Unwind after a long day of beach-going with our king room -- fit for a king, all to yourself."
733,Single King,"Unwind after a long day of beach-going with our king room -- fit for a king, all to yourself."
734,Single King,"Unwind after a long day of beach-going with our king room -- fit for a king, all to yourself."
735,Single King,"Unwind after a long day of beach-going with our king room -- fit for a king, all to yourself."
736,Single King,"Unwind after a long day of beach-going with our king room -- fit for a king, all to yourself."
737,Single King,"Unwind after a long day of beach-going with our king room -- fit for a king, all to yourself."
738,Single King,"Unwind after a long day of beach-going with our king room -- fit for a king, all to yourself."
739,Single King,"Unwind after a long day of beach-going with our king room -- fit for a king, all to yourself."
740,Single King,"Unwind after a long day of beach-going with our king room -- fit for a king, all to yourself."
741,Single King,"Unwind after a long day of beach-going with our king room -- fit for a king, all to yourself."
742,Single King,"Unwind after a long day of beach-going with our king room -- fit for a king, all to yourself."
743,Single King,"Unwind after a long day of beach-going with our king room -- fit for a king, all to yourself."
744,Single King,"Unwind after a long day of beach-going with our king room -- fit for a king, all to yourself."
745,Single King,"Unwind after a long day of beach-going with our king room -- fit for a king, all to yourself."
746,Single King,"Unwind after a long day of beach-going with our king room -- fit for a king, all to yourself."
747,Single King,"Unwind after a long day of beach-going with our king room -- fit for a king, all to yourself."
748,Single King,"Unwind after a long day of beach-going with our king room -- fit for a king, all to yourself."
749,Lovebird Suite,The Lovebird Suite is all you need for a romantic getaway by the beach.
750,Single King,"Unwind after a long day of beach-going with our king room -- fit for a king, all to yourself."
751,Double King,The two king beds room is awash in beachy hues and brilliantly appointed with a gracious lounge area and work space.
752,Double King,The two king beds room is awash in beachy hues and brilliantly appointed with a gracious lounge area and work space.
753,Double King,The two king beds room is awash in beachy hues and brilliantly appointed with a gracious lounge area and work space.
754,Double King,The two king beds room is awash in beachy hues and brilliantly appointed with a gracious lounge area and work space.
755,Double King,The two king beds room is awash in beachy hues and brilliantly appointed with a gracious lounge area and work space.
756,Double King,The two king beds room is awash in beachy hues and brilliantly appointed with a gracious lounge area and work space.
757,Double King,The two king beds room is awash in beachy hues and brilliantly appointed with a gracious lounge area and work space.
758,Double King,The two king beds room is awash in beachy hues and brilliantly appointed with a gracious lounge area and work space.
759,Double King,The two king beds room is awash in beachy hues and brilliantly appointed with a gracious lounge area and work space.
760,Ocean View Suite,Take in gorgeous views of the ocean from the comfort of your home away from home.
801,Single Queen,Unwind after a long day of beach-going with our queen room -- all to yourself.
802,Single Queen,Unwind after a long day of beach-going with our queen room -- all to yourself.
803,Single Queen,Unwind after a long day of beach-going with our queen room -- all to yourself.
804,Single Queen,Unwind after a long day of beach-going with our queen room -- all to yourself.
805,Single Queen,Unwind after a long day of beach-going with our queen room -- all to yourself.
806,Single Queen,Unwind after a long day of beach-going with our queen room -- all to yourself.
807,Single Queen,Unwind after a long day of beach-going with our queen room -- all to yourself.
808,Single Queen,Unwind after a long day of beach-going with our queen room -- all to yourself.
809,Single Queen,Unwind after a long day of beach-going with our queen room -- all to yourself.
810,Single Queen,Unwind after a long day of beach-going with our queen room -- all to yourself.
811,Double Queen,The two queen beds room is awash in beachy hues and brilliantly appointed with a gracious lounge area and work space.
812,Double Queen,The two queen beds room is awash in beachy hues and brilliantly appointed with a gracious lounge area and work space.
813,Double Queen,The two queen beds room is awash in beachy hues and brilliantly appointed with a gracious lounge area and work space.
814,Double Queen,The two queen beds room is awash in beachy hues and brilliantly appointed with a gracious lounge area and work space.
815,Double Queen,The two queen beds room is awash in beachy hues and brilliantly appointed with a gracious lounge area and work space.
816,Double Queen,The two queen beds room is awash in beachy hues and brilliantly appointed with a gracious lounge area and work space.
817,Double Queen,The two queen beds room is awash in beachy hues and brilliantly appointed with a gracious lounge area and work space.
818,Double Queen,The two queen beds room is awash in beachy hues and brilliantly appointed with a gracious lounge area and work space.
819,Double Queen,The two queen beds room is awash in beachy hues and brilliantly appointed with a gracious lounge area and work space.
820,Double Queen,The two queen beds room is awash in beachy hues and brilliantly appointed with a gracious lounge area and work space.
821,Double Queen,The two queen beds room is awash in beachy hues and brilliantly appointed with a gracious lounge area and work space.
822,Double Queen,The two queen beds room is awash in beachy hues and brilliantly appointed with a gracious lounge area and work space.
823,Double Queen,The two queen beds room is awash in beachy hues and brilliantly appointed with a gracious lounge area and work space.
824,Double Queen,The two queen beds room is awash in beachy hues and brilliantly appointed with a gracious lounge area and work space.
825,Double Queen,The two queen beds room is awash in beachy hues and brilliantly appointed with a gracious lounge area and work space.
826,Single King,"Unwind after a long day of beach-going with our king room -- fit for a king, all to yourself."
827,Single King,"Unwind after a long day of beach-going with our king room -- fit for a king, all to yourself."
828,Single King,"Unwind after a long day of beach-going with our king room -- fit for a king, all to yourself."
829,Single King,"Unwind after a long day of beach-going with our king room -- fit for a king, all to yourself."
830,Single King,"Unwind after a long day of beach-going with our king room -- fit for a king, all to yourself."
831,Single King,"Unwind after a long day of beach-going with our king room -- fit for a king, all to yourself."
832,Single King,"Unwind after a long day of beach-going with our king room -- fit for a king, all to yourself."
833,Single King,"Unwind after a long day of beach-going with our king room -- fit for a king, all to yourself."
834,Single King,"Unwind after a long day of beach-going with our king room -- fit for a king, all to yourself."
835,Single King,"Unwind after a long day of beach-going with our king room -- fit for a king, all to yourself."
836,Single King,"Unwind after a long day of beach-going with our king room -- fit for a king, all to yourself."
837,Single King,"Unwind after a long day of beach-going with our king room -- fit for a king, all to yourself."
838,Single King,"Unwind after a long day of beach-going with our king room -- fit for a king, all to yourself."
839,Single King,"Unwind after a long day of beach-going with our king room -- fit for a king, all to yourself."
840,Single King,"Unwind after a long day of beach-going with our king room -- fit for a king, all to yourself."
841,Single King,"Unwind after a long day of beach-going with our king room -- fit for a king, all to yourself."
842,Single King,"Unwind after a long day of beach-going with our king room -- fit for a king, all to yourself."
843,Single King,"Unwind after a long day of beach-going with our king room -- fit for a king, all to yourself."
844,Single King,"Unwind after a long day of beach-going with our king room -- fit for a king, all to yourself."
845,Single King,"Unwind after a long day of beach-going with our king room -- fit for a king, all to yourself."
846,Single King,"Unwind after a long day of beach-going with our king room -- fit for a king, all to yourself."
847,Single King,"Unwind after a long day of beach-going with our king room -- fit for a king, all to yourself."
848,Single King,"Unwind after a long day of beach-going with our king room -- fit for a king, all to yourself."
849,Lovebird Suite,The Lovebird Suite is all you need for a romantic getaway by the beach.
850,Single King,"Unwind after a long day of beach-going with our king room -- fit for a king, all to yourself."
851,Double King,The two king beds room is awash in beachy hues and brilliantly appointed with a gracious lounge area and work space.
852,Double King,The two king beds room is awash in beachy hues and brilliantly appointed with a gracious lounge area and work space.
853,Double King,The two king beds room is awash in beachy hues and brilliantly appointed with a gracious lounge area and work space.
854,Double King,The two king beds room is awash in beachy hues and brilliantly appointed with a gracious lounge area and work space.
855,Double King,The two king beds room is awash in beachy hues and brilliantly appointed with a gracious lounge area and work space.
856,Double King,The two king beds room is awash in beachy hues and brilliantly appointed with a gracious lounge area and work space.
857,Double King,The two king beds room is awash in beachy hues and brilliantly appointed with a gracious lounge area and work space.
858,Double King,The two king beds room is awash in beachy hues and brilliantly appointed with a gracious lounge area and work space.
859,Double King,The two king beds room is awash in beachy hues and brilliantly appointed with a gracious lounge area and work space.
860,Ocean View Suite,Take in gorgeous views of the ocean from the comfort of your home away from home.
901,Single Queen,Unwind after a long day of beach-going with our queen room -- all to yourself.
902,Single Queen,Unwind after a long day of beach-going with our queen room -- all to yourself.
903,Single Queen,Unwind after a long day of beach-going with our queen room -- all to yourself.
904,Single Queen,Unwind after a long day of beach-going with our queen room -- all to yourself.
905,Single Queen,Unwind after a long day of beach-going with our queen room -- all to yourself.
906,Single Queen,Unwind after a long day of beach-going with our queen room -- all to yourself.
907,Single Queen,Unwind after a long day of beach-going with our queen room -- all to yourself.
908,Single Queen,Unwind after a long day of beach-going with our queen room -- all to yourself.
909,Single Queen,Unwind after a long day of beach-going with our queen room -- all to yourself.
910,Single Queen,Unwind after a long day of beach-going with our queen room -- all to yourself.
911,Double Queen,The two queen beds room is awash in beachy hues and brilliantly appointed with a gracious lounge area and work space.
912,Double Queen,The two queen beds room is awash in beachy hues and brilliantly appointed with a gracious lounge area and work space.
913,Double Queen,The two queen beds room is awash in beachy hues and brilliantly appointed with a gracious lounge area and work space.
914,Double Queen,The two queen beds room is awash in beachy hues and brilliantly appointed with a gracious lounge area and work space.
915,Double Queen,The two queen beds room is awash in beachy hues and brilliantly appointed with a gracious lounge area and work space.
916,Double Queen,The two queen beds room is awash in beachy hues and brilliantly appointed with a gracious lounge area and work space.
917,Double Queen,The two queen beds room is awash in beachy hues and brilliantly appointed with a gracious lounge area and work space.
918,Double Queen,The two queen beds room is awash in beachy hues and brilliantly appointed with a gracious lounge area and work space.
919,Double Queen,The two queen beds room is awash in beachy hues and brilliantly appointed with a gracious lounge area and work space.
920,Double Queen,The two queen beds room is awash in beachy hues and brilliantly appointed with a gracious lounge area and work space.
921,Double Queen,The two queen beds room is awash in beachy hues and brilliantly appointed with a gracious lounge area and work space.
922,Double Queen,The two queen beds room is awash in beachy hues and brilliantly appointed with a gracious lounge area and work space.
923,Double Queen,The two queen beds room is awash in beachy hues and brilliantly appointed with a gracious lounge area and work space.
924,Double Queen,The two queen beds room is awash in beachy hues and brilliantly appointed with a gracious lounge area and work space.
925,Double Queen,The two queen beds room is awash in beachy hues and brilliantly appointed with a gracious lounge area and work space.
926,Single King,"Unwind after a long day of beach-going with our king room -- fit for a king, all to yourself."
927,Single King,"Unwind after a long day of beach-going with our king room -- fit for a king, all to yourself."
928,Single King,"Unwind after a long day of beach-going with our king room -- fit for a king, all to yourself."
929,Single King,"Unwind after a long day of beach-going with our king room -- fit for a king, all to yourself."
930,Single King,"Unwind after a long day of beach-going with our king room -- fit for a king, all to yourself."
931,Single King,"Unwind after a long day of beach-going with our king room -- fit for a king, all to yourself."
932,Single King,"Unwind after a long day of beach-going with our king room -- fit for a king, all to yourself."
933,Single King,"Unwind after a long day of beach-going with our king room -- fit for a king, all to yourself."
934,Single King,"Unwind after a long day of beach-going with our king room -- fit for a king, all to yourself."
935,Single King,"Unwind after a long day of beach-going with our king room -- fit for a king, all to yourself."
936,Single King,"Unwind after a long day of beach-going with our king room -- fit for a king, all to yourself."
937,Single King,"Unwind after a long day of beach-going with our king room -- fit for a king, all to yourself."
938,Single King,"Unwind after a long day of beach-going with our king room -- fit for a king, all to yourself."
939,Single King,"Unwind after a long day of beach-going with our king room -- fit for a king, all to yourself."
940,Single King,"Unwind after a long day of beach-going with our king room -- fit for a king, all to yourself."
941,Single King,"Unwind after a long day of beach-going with our king room -- fit for a king, all to yourself."
942,Single King,"Unwind after a long day of beach-going with our king room -- fit for a king, all to yourself."
943,Single King,"Unwind after a long day of beach-going with our king room -- fit for a king, all to yourself."
944,Single King,"Unwind after a long day of beach-going with our king room -- fit for a king, all to yourself."
945,Single King,"Unwind after a long day of beach-going with our king room -- fit for a king, all to yourself."
946,Single King,"Unwind after a long day of beach-going with our king room -- fit for a king, all to yourself."
947,Single King,"Unwind after a long day of beach-going with our king room -- fit for a king, all to yourself."
948,Single King,"Unwind after a long day of beach-going with our king room -- fit for a king, all to yourself."
949,Lovebird Suite,The Lovebird Suite is all you need for a romantic getaway by the beach.
950,Royal Suite,"One of a kind, our Royal Suite will have you feeling like royalty for the duration of your stay."
951,Double King,The two king beds room is awash in beachy hues and brilliantly appointed with a gracious lounge area and work space.
952,Double King,The two king beds room is awash in beachy hues and brilliantly appointed with a gracious lounge area and work space.
953,Double King,The two king beds room is awash in beachy hues and brilliantly appointed with a gracious lounge area and work space.
954,Double King,The two king beds room is awash in beachy hues and brilliantly appointed with a gracious lounge area and work space.
955,Double King,The two king beds room is awash in beachy hues and brilliantly appointed with a gracious lounge area and work space.
956,Double King,The two king beds room is awash in beachy hues and brilliantly appointed with a gracious lounge area and work space.
957,Double King,The two king beds room is awash in beachy hues and brilliantly appointed with a gracious lounge area and work space.
958,Double King,The two king beds room is awash in beachy hues and brilliantly appointed with a gracious lounge area and work space.
959,Double King,The two king beds room is awash in beachy hues and brilliantly appointed with a gracious lounge area and work space.
960,Ocean View Suite,Take in gorgeous views of the ocean from the comfort of your home away from home.
